{
    "accuracy": 0.7532467532467533,
    "precision": 0.6491228070175439,
    "recall": 0.6727272727272727,
    "f1_score": 0.6607142857142857,
    "confusion_matrix": [
        [
            79,
            20
        ],
        [
            18,
            37
        ]
    ]
}