{
    "accuracy": 0.8974358974358975,
    "precision": 0.8888888888888888,
    "recall": 1.0,
    "f1_score": 0.9411764705882353
}